source,dest,dist
3583,3140,1.703171292649271
3583,3141,2.00439248299437
3583,3142,1.2236131601073403
3583,3143,1.35187436585002
3583,3144,0.23577739804040226
3583,3145,4.0030423052713076
3583,3146,3.0020286449415727
3583,3147,2.526152914346598
3583,3148,4.0783199968628026
3583,3149,4.080802022798657
3584,3140,1.6434503359285086
3584,3141,1.9325987688333806
3584,3142,1.1572082529953023
3584,3143,1.26756439491231
3584,3144,0.27506285509440465
3584,3145,3.9691172067757403
3584,3146,3.0473877696045637
3584,3147,2.4347797112161134
3584,3148,4.095134012302636
3584,3149,4.133491072721233
3585,3140,1.7963370943304513
3585,3141,2.084345822483181
3585,3142,1.310240619347402
3585,3143,1.409264853665981
3585,3144,0.3428398919593024
3585,3145,4.111717699589698
3585,3146,3.0945113155129547
3585,3147,2.538617360568137
3585,3148,4.186612191381497
3585,3149,4.166306287475534
3586,3140,1.8813305789539767
3586,3141,2.201783385381211
3586,3142,1.4149740273975724
3586,3143,1.5672330187682266
3586,3144,0.3062156969477382
3586,3145,4.125530360645381
3586,3146,2.938978746045115
3586,3147,2.7411868351260105
3586,3148,4.085365153525798
3586,3149,3.9951903872075722
3587,3140,2.0120594227117192
3587,3141,2.3178677242328933
3587,3142,1.5362979952195799
3587,3143,1.656199400642009
3587,3144,0.456333092113043
3587,3145,4.276749920400551
3587,3146,3.06333337404136
3587,3147,2.777247499439
3587,3148,4.231674015221842
3587,3149,4.107398844828438
3588,3140,1.9150736640241595
3588,3141,2.2104019242992967
3588,3142,1.433088567842855
3588,3143,1.539030808289272
3588,3144,0.4003315028104535
3588,3145,4.208251008223062
3588,3146,3.092054520245968
3588,3147,2.6572882890422758
3588,3148,4.224150100556057
3588,3149,4.149878752979633
3589,3140,1.7741679757597324
3589,3141,2.1633609000136205
3589,3142,1.3867237637507366
3589,3143,1.6716367594855308
3589,3144,0.3962476797154621
3589,3145,3.820011620579169
3589,3146,2.4471598216911006
3589,3147,2.9788448849869096
3589,3148,3.6178694473775437
3589,3149,3.5085919931089906
3590,3140,1.5010135256525772
3590,3141,1.9065242365701187
3590,3142,1.1490312255803974
3590,3143,1.48425196750611
3590,3144,0.44194180941432387
3590,3145,3.527010024917545
3590,3146,2.337304097239135
3590,3147,2.838679998393921
3590,3148,3.412194798728385
3590,3149,3.432474833600972
3591,3140,1.5900272795338488
3591,3141,1.9748091717924954
3591,3142,1.1969570130622043
3591,3143,1.4866678179508983
3591,3144,0.288557577929835
3591,3145,3.685694789951714
3591,3146,2.485977607698124
3591,3147,2.807529932110115
3591,3148,3.5867864757839256
3591,3149,3.5699476404474635
3592,3140,2.1045582718962166
3592,3141,2.4694322554570096
3592,3142,1.6807241330752543
3592,3143,1.9023337490546817
3592,3144,0.5559454332747379
3592,3145,4.197212392458009
3592,3146,2.6832066385444033
3592,3147,3.1296523501562
3592,3148,3.9359686286345203
3592,3149,3.698522702740914
3593,3140,1.9511495550031435
3593,3141,2.330053843408297
3593,3142,1.5464070128330745
3593,3143,1.801667770975237
3593,3144,0.4675010075355634
3593,3145,4.0113019000363215
3593,3146,2.5431090789319803
3593,3147,3.0729068630871677
3593,3148,3.764176763894254
3593,3149,3.5796315415567648
3594,3140,1.8295257977327988
3594,3141,2.161228730159549
3594,3142,1.3719465715747476
3594,3143,1.5474019612437728
3594,3144,0.2416183484313029
3594,3145,4.052406580141923
3594,3146,2.8591128290799466
3594,3147,2.751195249453978
3594,3148,4.000456939911108
3594,3149,3.9193498693082947
3595,3140,2.671397498956918
3595,3141,2.7504774543844763
3595,3142,3.131518061669535
3595,3143,3.432564000141467
3595,3144,3.913245622790675
3595,3145,0.4189126464160903
3595,3146,2.9429644256034164
3595,3147,4.223657992481814
3595,3148,1.8869248846897684
3595,3149,3.548950483884352
3596,3140,2.786872776715286
3596,3141,2.848347294650423
3596,3142,3.2533579345057104
3596,3143,3.543970285418421
3596,3144,4.052691268874645
3596,3145,0.4247901304994447
3596,3146,3.0854847003291592
3596,3147,4.299199580028815
3596,3148,1.9883812924403754
3596,3149,3.669980370864956
3597,3140,2.862142725395721
3597,3141,2.9202659105667923
3597,3142,3.3294298155138264
3597,3143,3.6185046385099917
3597,3144,4.129229206085841
3597,3145,0.4782699927871305
3597,3146,3.137450017518681
3597,3147,4.364952066569729
3597,3148,2.010292422843944
3597,3149,3.703655670101452
3598,3140,1.3670805630875593
3598,3141,1.1389322377927165
3598,3142,1.8529614711947493
3598,3143,1.9273793668325894
3598,3144,2.954826067725947
3598,3145,1.574768713835517
3598,3146,3.579124737549603
3598,3147,2.340555376839367
3598,3148,3.3255405885335483
3598,3149,4.5638877420162824
3599,3140,1.460229322601254
3599,3141,1.2331605295042565
3599,3142,1.9472437774701281
3599,3143,2.0214861725128173
3599,3144,3.0471029451523832
3599,3145,1.5224155249820566
3599,3146,3.6236004068871277
3599,3147,2.4097550702822397
3599,3148,3.328822026381479
3599,3149,4.596170114225436
3600,3140,1.5585066786998438
3600,3141,1.3655217364527394
3600,3142,2.05378837009264
3600,3143,2.153553652081545
3600,3144,3.136007776959588
3600,3145,1.360790056252769
3600,3146,3.5784092354400596
3600,3147,2.5753736031745023
3600,3148,3.218198829217906
3600,3149,4.5279074981264875
3601,3140,2.053541735217955
3601,3141,1.9715675255293847
3601,3142,2.5561271522098785
3601,3143,2.7398471494897585
3601,3144,3.5487561883113625
3601,3145,0.6784926940610436
3601,3146,3.4311192103893804
3601,3147,3.2794512500443926
3601,3148,2.7757109092506993
3601,3149,4.2603412647393295
3602,3140,0.725530745777216
3602,3141,1.0676723128467431
3602,3142,1.0763652888508626
3602,3143,1.4641481863936512
3602,3144,1.8478501201927626
3602,3145,1.9743094481914856
3602,3146,2.3330274205755814
3602,3147,2.6318982710300998
3602,3148,2.5870002875969256
3602,3149,3.4124561912882845
3603,3140,0.33584484961822575
3603,3141,0.6442633603663942
3603,3142,0.16904508120216172
3603,3143,0.5195166084076984
3603,3144,1.2933768124457354
3603,3145,2.790823916978335
3603,3146,2.9683710724725776
3603,3147,1.8368757601964547
3603,3148,3.5015083814051056
3603,3149,4.097064520214865
3604,3140,0.8052600350389352
3604,3141,0.9041375373566389
3604,3142,0.40058395817473
3604,3143,0.16392534801815997
3604,3144,1.1833892453722368
3604,3145,3.2672654775928693
3604,3146,3.3448710240269137
3604,3147,1.524071413405919
3604,3148,3.985091886644002
3604,3149,4.478029073436404
3605,3140,0.5407647921886045
3605,3141,0.9911758089819361
3605,3142,0.5039345508683064
3605,3143,0.964099259532219
3605,3144,1.190761265454438
3605,3145,2.6525866093393446
3605,3146,2.4934828240935407
3605,3147,2.311879223862794
3605,3148,3.09162113041664
3605,3149,3.6228417082621416
3606,3140,0.5811816250137005
3606,3141,1.0289397820409605
3606,3142,0.72228077033062
3606,3143,1.1658023092041327
3606,3144,1.4029583316198202
3606,3145,2.421294110687724
3606,3146,2.3539049525545597
3606,3147,2.4658961889814086
3606,3148,2.86233446287954
3606,3149,3.4739551551200445
3607,3140,0.2496373831092066
3607,3141,0.6739206052672576
3607,3142,0.6169776068022036
3607,3143,0.9748139718848757
3607,3144,1.5777010442784842
3607,3145,2.339214105577119
3607,3146,2.687561740868896
3607,3147,2.1722463386184865
3607,3148,3.0706390365975156
3607,3149,3.7977324512911594
3608,3140,0.14993501720265953
3608,3141,0.5601919610497332
3608,3142,0.5953005642182216
3608,3143,0.9089532215122013
3608,3144,1.62008361978602
3608,3145,2.3538787690641065
3608,3146,2.8007109850063308
3608,3147,2.0683615026514324
3608,3148,3.1621175632330543
3608,3149,3.9097531269323227
3609,3140,0.33770382967568763
3609,3141,0.7926721585399453
3609,3142,0.4742876589067995
3609,3143,0.8958948471102929
3609,3144,1.3624202887614847
3609,3145,2.5278894675897923
3609,3146,2.62806029957776
3609,3147,2.1864413196902666
3609,3148,3.1253599936101817
3609,3149,3.750810255559169
3610,3140,0.130398532498755
3610,3141,0.5825735110582875
3610,3142,0.44109775392945305
3610,3143,0.7805564117264362
3610,3144,1.4814001652569353
3610,3145,2.507450778306103
3610,3146,2.8245295948848765
3610,3147,2.0051352045988455
3610,3148,3.258124253962807
3610,3149,3.9430527352260833
3611,3140,0.20343214746298915
3611,3141,0.652843235117633
3611,3142,0.4121179383114159
3611,3143,0.7884277387240028
3611,3144,1.417610937626458
3611,3145,2.5410765437270277
3611,3146,2.7721842124261062
3611,3147,2.0474325376298834
3611,3148,3.237350768768259
3611,3149,3.893454121781803
3612,3140,0.1806889734311593
3612,3141,0.6275374791688537
3612,3142,0.40622164830835544
3612,3143,0.7708361653135921
3612,3144,1.4296661785214164
3612,3145,2.543650307561655
3612,3146,2.7982508127477574
3612,3147,2.0225490617563477
3612,3148,3.2575207842230243
3612,3149,3.9192204577414342
3613,3140,0.28913788358036335
3613,3141,0.710420850597519
3613,3142,0.6419188074006136
3613,3143,1.0091044961080056
3613,3144,1.5792691834300754
3613,3145,2.3212093507235405
3613,3146,2.6494918971177337
3613,3147,2.211724966129035
3613,3148,3.0326104038131376
3613,3149,3.759003031122491
3614,3140,0.7378568863697104
3614,3141,0.30666049538024565
3614,3142,1.0953953590597723
3614,3143,1.0392721515221819
3614,3144,2.234310864073732
3614,3145,2.386452937651664
3614,3146,3.568036124826218
3614,3147,1.5500708677134525
3614,3148,3.7170048178162123
3614,3149,4.65408973908413
3615,3140,0.8451477004310237
3615,3141,0.4451320084498028
3615,3142,1.2348582893747544
3615,3143,1.1942292729376678
3615,3144,2.3743606647155246
3615,3145,2.273925074307414
3615,3146,3.605298141961156
3615,3147,1.6360501769488003
3615,3148,3.6872107657471096
3615,3149,4.6785904652981705
3616,3140,0.8709418892039773
3616,3141,0.5150379113561611
3616,3142,1.293400938817059
3616,3143,1.2878507742798186
3616,3144,2.4301356770850933
3616,3145,2.1520551497035894
3616,3146,3.5563591671834507
3616,3147,1.7548403394119532
3616,3148,3.595072950917347
3616,3149,4.619480510589669
3617,3140,0.9416773556613935
3617,3141,0.5757435387820824
3617,3142,1.3589339844977921
3617,3143,1.339295688241731
3617,3144,2.4967615356590835
3617,3145,2.152152448405512
3617,3146,3.6191582719432804
3617,3147,1.747493806816463
3617,3148,3.6370423869828357
3617,3149,4.678626186414908
3618,3140,0.8926768585870752
3618,3141,0.4710317856292981
3618,3142,1.26005086514134
3618,3143,1.1898169103979122
3618,3144,2.3988714505449855
3618,3145,2.3370555056040834
3618,3146,3.678472566134583
3618,3147,1.5669322853892507
3618,3148,3.766270303054861
3618,3149,4.754101665269534
3619,3140,0.891649332880858
3619,3141,0.45691277610065734
3619,3142,1.2408512333652046
3619,3143,1.152797759639522
3619,3144,2.3779636467797935
3619,3145,2.3920216652809523
3619,3146,3.7030499280870592
3619,3147,1.512980213202412
3619,3148,3.809039682508311
3619,3149,4.782716623304065
3620,3140,0.887041388728337
3620,3141,0.5270000233181682
3620,3142,0.9681733282949228
3620,3143,0.6798239734836532
3620,3144,2.0178213957442512
3620,3145,2.946937419058133
3620,3146,3.8122237931296947
3620,3147,1.0616964916335294
3620,3148,4.1452001653665365
3620,3149,4.929062939268189
3621,3140,0.844040158854865
3621,3141,0.4387607230132081
3621,3142,0.997753549488678
3621,3143,0.7655664844823205
3621,3144,2.083153803797804
3621,3145,2.8170056799286654
3621,3146,3.7721836281622356
3621,3147,1.1567468897794193
3621,3148,4.05782583732235
3621,3149,4.882745737767482
3622,3140,0.6585172598490667
3622,3141,0.3810850411071407
3622,3142,0.7308480901071718
3622,3143,0.51172956830659
3622,3144,1.8120143847974013
3622,3145,2.8633237293070914
3622,3146,3.574249753825924
3622,3147,1.2661299261947494
3622,3148,3.9496132974830416
3622,3149,4.693926277127851
3623,3140,0.9547597547019332
3623,3141,1.0643740364691916
3623,3142,0.5112162177718332
3623,3143,0.2972810888243988
3623,3144,1.090580921427521
3623,3145,3.419590021674225
3623,3146,3.385641877619761
3623,3147,1.5511076547869822
3623,3148,4.082179099798935
3623,3149,4.517766063638957
3624,3140,0.2305164677970919
3624,3141,0.6858593933995327
3624,3142,0.4807050715220048
3624,3143,0.8635641283216596
3624,3144,1.4483289340223016
3624,3145,2.4803110966098263
3624,3146,2.7129665314360047
3624,3147,2.1137411462027185
3624,3148,3.1630083192556064
3624,3149,3.8318819086834
3625,3140,2.1681372859677817
3625,3141,2.6228423073033036
3625,3142,2.0743934000239954
3625,3143,2.5168603808472976
3625,3144,1.6847710056733178
3625,3145,3.265651506960818
3625,3146,1.0966052211369945
3625,3147,3.9102756199617823
3625,3148,2.4059058638460202
3625,3149,2.1757793994566725
3626,3140,1.8321765969304808
3626,3141,2.2871647121575007
3626,3142,1.6938094965290078
3626,3143,2.127953449745579
3626,3144,1.3044365887070106
3626,3145,3.214954665559034
3626,3146,1.4693595141976494
3626,3147,3.522081736210766
3626,3148,2.64553176633682
3626,3149,2.569249760060957
3627,3140,1.703808483390229
3627,3141,2.1584110375876118
3627,3142,1.5613145331660419
3627,3143,1.9963710689691083
3627,3144,1.2127361103811232
3627,3145,3.158381575173818
3627,3146,1.5712523176208453
3627,3147,3.390497291126895
3627,3148,2.688514578298264
3627,3149,2.6809758998607314
3628,3140,2.107219282259485
3628,3141,2.5585985258482826
3628,3142,2.058102768328018
3628,3143,2.510664384639
3628,3144,1.7767300496222236
3628,3145,3.085933814595354
3628,3146,0.9993323211236261
3628,3147,3.8987261751299203
3628,3148,2.2311372188789367
3628,3149,2.111314796260322
3629,3140,2.0045515627399872
3629,3141,2.4488195415002854
3629,3142,2.0079750782478776
3629,3143,2.468293777832459
3629,3144,1.858332046197464
3629,3145,2.8612012351924454
3629,3146,0.9771983116421146
3629,3147,3.8435463360031807
3629,3148,2.0602449865879673
3629,3149,2.1096053148044467
3630,3140,1.9771844883173857
3630,3141,2.373380367493853
3630,3142,2.137507590186859
3630,3143,2.59561585747066
3630,3144,2.3017261781797145
3630,3145,2.270050003424882
3630,3146,1.059062610847994
3630,3147,3.896025862802351
3630,3148,1.5432312215783741
3630,3149,2.0993474810446298
3631,3140,1.9252881329971583
3631,3141,2.3452426565339186
3631,3142,2.0268125740117457
3631,3143,2.4898352682002387
3631,3144,2.087886211224091
3631,3145,2.4855982222221633
3631,3146,1.0151008472647651
3631,3147,3.8250685000475895
3631,3148,1.7605988496093947
3631,3149,2.1174407026681363
3632,3140,1.7652309881842825
3632,3141,2.180680699150266
3632,3142,1.8869536058823948
3632,3143,2.3484225891024573
3632,3144,2.023122012321062
3632,3145,2.374070496787758
3632,3146,1.1837646777311222
3632,3147,3.671858592058471
3632,3148,1.8228055974324313
3632,3149,2.2794043107182724
3633,3140,1.7227510778959951
3633,3141,2.1199136178400866
3633,3142,1.8921142249482907
3633,3143,2.348005876980654
3633,3144,2.1256355456623877
3633,3145,2.193846909281523
3633,3146,1.2838780937578893
3633,3147,3.642082791725552
3633,3148,1.7431949830697475
3633,3149,2.3473812378192176
3634,3140,2.1344548629663946
3634,3141,2.469019956080387
3634,3142,2.397175492883013
3634,3143,2.8338213315112446
3634,3144,2.7410789545615417
3634,3145,1.8303158303250058
3634,3146,1.3477719411975833
3634,3147,4.044879453880246
3634,3148,1.1876524977272684
3634,3149,2.2050992626128703
3635,3140,2.1349668978497793
3635,3141,2.47255294872594
3635,3142,2.393378724568734
3635,3143,2.8313532980488043
3635,3144,2.728345000803518
3635,3145,1.8524461278755597
3635,3146,1.3267180893970236
3635,3147,4.047007759861832
3635,3148,1.19115849619379
3635,3149,2.189522981020681
3636,3140,1.6106000977613906
3636,3141,1.9808630891518817
3636,3142,1.8387805743631114
3636,3143,2.2824082193470385
3636,3144,2.2029910242732855
3636,3145,1.9685382724754636
3636,3146,1.4919885005647664
3636,3147,3.532632295658242
3636,3148,1.7481300577988506
3636,3149,2.52219639976998
3637,3140,1.6651548126978433
3637,3141,2.01843479509757
3637,3142,1.9184546735067127
3637,3143,2.3556313546433416
3637,3144,2.317264640843747
3637,3145,1.8637161004034621
3637,3146,1.5246122978691374
3637,3147,3.5829041142923104
3637,3148,1.6664090330537413
3637,3149,2.524091004315281
3638,3140,2.0220195452921033
3638,3141,2.3195439502242405
3638,3142,2.335122766453011
3638,3143,2.752582520337442
3638,3144,2.7974043872564462
3638,3145,1.5549638299459208
3638,3146,1.63148177952903
3638,3147,3.905663523676845
3638,3148,1.3017126202834572
3638,3149,2.473439718235532
3639,3140,1.5253362491330007
3639,3141,1.860778423994528
3639,3142,1.811654920155654
3639,3143,2.237049150438494
3639,3144,2.2967377863908607
3639,3145,1.7531134749772925
3639,3146,1.705364157199531
3639,3147,3.4343773816921566
3639,3148,1.7883335490628287
3639,3149,2.7055013492417945
3640,3140,1.1128870588871667
3640,3141,1.3992312171184564
3640,3142,1.4813110690078721
3640,3143,1.8651745279476204
3640,3144,2.185342167881933
3640,3145,1.651619093264381
3640,3146,2.164794039449563
3640,3147,2.9843867446946093
3640,3148,2.222435035467856
3640,3149,3.190232045412764
3641,3140,1.2091668123230717
3641,3141,1.6429659701577792
3641,3142,1.3088173666339504
3641,3143,1.7697957400449476
3641,3144,1.5902742789162396
3641,3145,2.390364586404913
3641,3146,1.7198906757996275
3641,3147,3.0992337235399336
3641,3148,2.333766646678313
3641,3149,2.8383421574385177
3642,3140,1.0871857270091503
3642,3141,1.5369910499088975
3642,3142,0.9281774356078168
3642,3143,1.3742584762570866
3642,3144,0.9588501160549545
3642,3145,2.9197486011711766
3642,3146,2.0921444700813585
3642,3147,2.7656538956040166
3642,3148,2.9388026935937503
3642,3149,3.2238119641591774
3643,3140,1.5468642389278082
3643,3141,1.5138199645012202
3643,3142,1.1609161810172948
3643,3143,0.7785381463955418
3643,3144,1.4668541623389353
3643,3145,3.977044975955519
3643,3146,4.008361221743096
3643,3147,1.226537644126309
3643,3148,4.740037728410075
3643,3149,5.136450849037843
3644,3140,1.7878240341247864
3644,3141,1.7695212657994097
3644,3142,1.3779205822704006
3644,3143,1.0237383994924039
3644,3144,1.5103324013048163
3644,3145,4.228193062464953
3644,3146,4.147354119626717
3644,3147,1.3532977347532589
3644,3148,4.938598110002632
3644,3149,5.269132524262
3645,3140,1.8122871163895296
3645,3141,1.8210237795249589
3645,3142,1.3825599600614096
3645,3143,1.0577800788441574
3645,3144,1.43064146005695
3645,3145,4.264553203523842
3645,3146,4.098073773928188
3645,3147,1.466246738805746
3645,3148,4.921962460009157
3645,3149,5.216099275480828
3646,3140,1.710318818642315
3646,3141,1.7244235121387192
3646,3142,1.2807695128614316
3646,3143,0.9573868471293965
3646,3144,1.3716094804160517
3646,3145,4.163707100124499
3646,3146,4.014778084688437
3646,3147,1.4434098685482388
3646,3148,4.82468457429357
3646,3149,5.135159253465792
3647,3140,1.7725566674962845
3647,3141,1.7948472165375216
3647,3142,1.3353461853228599
3647,3143,1.0242104955485254
3647,3144,1.368084821186022
3647,3145,4.22904450891912
3647,3146,4.0361677371313975
3647,3147,1.4997835557114392
3647,3148,4.8664609914392445
3647,3149,5.153757307441504
3648,3140,1.7344008737441812
3648,3141,1.770269221737546
3648,3142,1.2899512969608915
3648,3143,0.993429025957757
3648,3144,1.3071905204746308
3648,3145,4.194269860027172
3648,3146,3.975604466546347
3648,3147,1.5335893302685824
3648,3148,4.812039385677913
3648,3149,5.092787273068931
3649,3140,1.5473958451928649
3649,3141,1.5507701490084727
3649,3142,1.1330546860296407
3649,3143,0.7882892219872388
3649,3144,1.3542529329826667
3649,3145,3.9952653400362
3649,3146,3.930716330318252
3649,3147,1.3507275163810504
3649,3148,4.697333212243137
3649,3149,5.056249728077463
3650,3140,1.6987907533985611
3650,3141,1.748893395278743
3650,3142,1.2469560292404542
3650,3143,0.9669213753462277
3650,3144,1.2460387382161338
3650,3145,4.161326385068793
3650,3146,3.915263058257693
3650,3147,1.570351945790804
3650,3148,4.758431442815962
3650,3149,5.0319573279600105
3651,3140,1.663518960888497
3651,3141,1.7283351688540094
3651,3142,1.2043966633902043
3651,3143,0.9425669812845566
3651,3144,1.1843596824911764
3651,3145,4.127858911823212
3651,3146,3.854060451763211
3651,3147,1.6083621083261206
3651,3148,4.703923156915595
3651,3149,4.970280238909876
3652,3140,1.594861578078978
3652,3141,1.6549077190181671
3652,3142,1.1407104056671469
3652,3143,0.8696830163089333
3652,3144,1.1820984560841845
3652,3145,4.058397840335564
3652,3146,3.8249160735131
3652,3147,1.5628212200240796
3652,3148,4.655086463657477
3652,3149,4.944060725005944
3653,3140,1.3684453451532237
3653,3141,1.328138112822727
3653,3142,1.002615224883584
3653,3143,0.5991759402485004
3653,3144,1.4424003275073913
3653,3145,3.792189622545769
3653,3146,3.8977215588312193
3653,3147,1.1816566068451113
3653,3148,4.586979639554387
3653,3149,5.028768496353003
3654,3140,1.2497031714239588
3654,3141,1.0606420795349245
3654,3142,1.0487487620053215
3654,3143,0.5869813726598722
3654,3144,1.7981718079462952
3654,3145,3.5403859501874777
3654,3146,4.026374837992895
3654,3147,0.8257148048999884
3654,3148,4.557526726418829
3654,3149,5.158707257824518
3655,3140,1.888856385749808
3655,3141,1.8145492901782492
3655,3142,1.518400185226513
3655,3143,1.12011049084915
3655,3144,1.7425661606111902
3655,3145,4.294087968784587
3655,3146,4.3516645609343625
3655,3147,1.1760578167416733
3655,3148,5.098821123053015
3655,3149,5.476978642105144
3656,3140,1.8854093101657179
3656,3141,1.7964657018597123
3656,3142,1.5275114927205617
3656,3143,1.1185404932388958
3656,3144,1.7882746532307296
3656,3145,4.278590861122381
3656,3146,4.380708581951063
3656,3147,1.1162592061621985
3656,3148,5.110810522840224
3656,3149,5.507411598282932
3657,3140,1.8956519694979073
3657,3141,1.836076968613562
3657,3142,1.5128705309307056
3657,3143,1.1263947945357464
3657,3144,1.6978800283440942
3657,3145,4.311925029238208
3657,3146,4.323886658313968
3657,3147,1.2373815168281468
3657,3148,5.088574693792139
3657,3149,5.447609455592389
3658,3140,1.883019931617716
3658,3141,1.7792779644175052
3658,3142,1.5382157199998967
3658,3143,1.119430307877467
3658,3144,1.8347110978752372
3658,3145,4.262892527216447
3658,3146,4.409869609084517
3658,3147,1.0558878301993768
3658,3148,5.122714885754045
3658,3149,5.537832632337419
3659,3140,1.8815371942463748
3659,3141,1.7644287621474433
3659,3142,1.5489050444414612
3659,3143,1.1220997857433188
3659,3144,1.876749187686928
3659,3145,4.248395037523894
3659,3146,4.435859914109854
3659,3147,1.0012460001141588
3659,3148,5.133042840499794
3659,3149,5.5648433084418025
3660,3140,1.9034554348534933
3660,3141,1.858929620588469
3660,3142,1.5085499817484782
3660,3143,1.1351140758686473
3660,3144,1.6521880953950043
3660,3145,4.3298787244087995
3660,3146,4.294904474645115
3660,3147,1.3003096189689056
3660,3148,5.0775246865578465
3660,3149,5.416835797139571
3661,3140,1.7690262009490678
3661,3141,1.659833938512594
3661,3142,1.4352944717517553
3661,3143,1.008479704945101
3661,3144,1.7927990256595436
3661,3145,4.143560536283584
3661,3146,4.328997572228691
3661,3147,0.9992705990052035
3661,3148,5.019283170844652
3661,3149,5.458743006706056
3662,3140,1.770647530341227
3662,3141,1.6430959473736513
3662,3142,1.454002228503121
3662,3143,1.0173624799384247
3662,3144,1.8507370638118759
3662,3145,4.126874036859254
3662,3146,4.365252076275849
3662,3147,0.9280900234034075
3662,3148,5.035173200128761
3662,3149,5.496018240897022
3663,3140,1.3770678281290962
3663,3141,1.2947425766171279
3663,3142,1.0488668153845027
3663,3143,0.6150896372879319
3663,3144,1.5610839447755385
3663,3145,3.7723469906721006
3663,3146,3.977284964425005
3663,3147,1.056940367441082
3663,3148,4.629901971225253
3663,3149,5.109564098288596
3664,3140,1.3888044331036264
3664,3141,1.2513494981892213
3664,3142,1.1138843188864143
3664,3143,0.6569412055700392
3664,3144,1.7140928147964969
3664,3145,3.735318047018975
3664,3146,4.072794156005106
3664,3147,0.8956667952314877
3664,3148,4.675075522082964
3664,3149,5.205903473149254
3665,3140,1.600644435087268
3665,3141,1.3885719600924527
3665,3142,1.384670189464588
3665,3143,0.9210776320971432
3665,3144,2.0151564471635837
3665,3145,3.85275015339184
3665,3146,4.357453212423608
3665,3147,0.6098455757047092
3665,3148,4.908982816515775
3665,3149,5.4905121020050895
3666,3140,1.4533200427261503
3666,3141,1.2760260962098826
3666,3142,1.213284241474303
3666,3143,0.7507199751340846
3666,3144,1.8467894818684927
3666,3145,3.755160785000222
3666,3146,4.182592529849212
3666,3147,0.7631794981561482
3666,3148,4.754286393692511
3666,3149,5.315731725039111
3667,3140,1.5013537563495092
3667,3141,1.3126639807652218
3667,3142,1.2687369421019454
3667,3143,0.8057450127825005
3667,3144,1.899589924619902
3667,3145,3.7881028948104545
3667,3146,4.239089234907162
3667,3147,0.7141789935192219
3667,3148,4.805028677926877
3667,3149,5.372213868947088
3668,3140,1.604874293510524
3668,3141,1.442182363555954
3668,3142,1.3350880110079033
3668,3143,0.8789264933603491
3668,3144,1.8743322402032525
3668,3145,3.9226025559416198
3668,3146,4.288281082450269
3668,3147,0.7820126229326078
3668,3148,4.896253608480067
3668,3149,5.421191923769241
3669,3140,1.2572332875399994
3669,3141,1.1634471922796679
3669,3142,0.9544167091240605
3669,3143,0.5052177178152919
3669,3144,1.5631141703173257
3669,3145,3.6422298259688524
3669,3146,3.906704553855366
3669,3147,1.042817080538719
3669,3148,4.526127579568868
3669,3149,5.0397463522205825
3670,3140,1.5302111227728965
3670,3141,1.4643274238272228
3670,3142,1.173364895472392
3670,3143,0.7620986558020925
3670,3144,1.5602251061138497
3670,3145,3.9392008249285975
3670,3146,4.061253596117306
3670,3147,1.112831193230277
3670,3148,4.7578226971959445
3670,3149,5.191442143039494
3671,3140,1.8862495624463207
3671,3141,1.7539383442674947
3671,3142,1.5675535067603428
3671,3143,1.1327969920911802
3671,3144,1.927876173882522
3671,3145,4.237111286453696
3671,3146,4.469731720665847
3671,3147,0.9406975584195438
3671,3148,5.149718532990737
3671,3149,5.5996867303178135
3672,3140,1.8852682241904801
3672,3141,1.737800678090524
3672,3142,1.581210421720341
3672,3143,1.1393172987159685
3672,3144,1.9754919325246731
3672,3145,4.218900691979539
3672,3146,4.497810347960845
3672,3147,0.8777643342205304
3672,3148,5.159620549897656
3672,3149,5.628665073450947
3673,3140,1.8714107432971756
3673,3141,1.709915526729234
3673,3142,1.5820415984869822
3673,3143,1.1340783521900522
3673,3144,2.0118844120807142
3673,3145,4.18804240170106
3673,3146,4.511818830648378
3673,3147,0.8152883148421364
3673,3148,5.15500796410542
3673,3149,5.643464235201555
3674,3140,2.975276106233029
3674,3141,2.9007364624445886
3674,3142,3.475628017937339
3674,3143,3.670037719200411
3674,3144,4.4304746484575555
3674,3145,0.7226868043631296
3674,3146,3.881583888233974
3674,3147,4.147683062836557
3674,3148,2.856197288948999
3674,3149,4.527344637864269
3675,3140,2.7070279643456328
3675,3141,2.5403271675996835
3675,3142,3.2089895258011376
3675,3143,3.3282934459866382
3675,3144,4.252600405240613
3675,3145,1.0624886030265024
3675,3146,4.13996109690506
3675,3147,3.6255159034326905
3675,3148,3.3158667159800097
3675,3149,4.904082840569161
3676,3140,2.483766244066538
3676,3141,2.395381871421025
3676,3142,2.986148058196162
3676,3143,3.1677069351419935
3676,3144,3.96897032747882
3676,3145,0.5806068558505397
3676,3146,3.6653666534872777
3676,3147,3.6535453636403985
3676,3148,2.831570197554394
3676,3149,4.415226514006166
3677,3140,2.4163245617522966
3677,3141,2.3066990618359866
3677,3142,2.9198208041961515
3677,3143,3.0848099000072784
3677,3144,3.923426174460177
3677,3145,0.6940778866732956
3677,3146,3.720239563001824
3677,3147,3.534182330642558
3677,3148,2.9335954034513
3677,3149,4.4951597479580325
3678,3140,2.981459463007177
3678,3141,2.825645843461648
3678,3142,3.484421223047389
3678,3143,3.6129993210793603
3678,3144,4.514992224820815
3678,3145,1.125064754763284
3678,3146,4.273291413938563
3678,3147,3.9092818871377517
3678,3148,3.352031394548928
3678,3149,4.9868855009674204
3679,3140,2.7928854516919053
3679,3141,2.622251617699928
3679,3142,3.294579104988422
3679,3143,3.410495717493994
3679,3144,4.339895263718267
3679,3145,1.1168602137590529
3679,3146,4.213950976051843
3679,3147,3.6898356490941375
3679,3148,3.3684413866947827
3679,3149,4.9681079884063575
3680,3140,3.0369443945628656
3680,3141,2.9345576871561563
3680,3142,3.5397262665441023
3680,3143,3.7124701773190467
3680,3144,4.520993863154037
3680,3145,0.888835883399547
3680,3146,4.055916085437983
3680,3147,4.12574120198175
3680,3148,3.046535505433073
3680,3149,4.714230034229507
3681,3140,2.914217567841504
3681,3141,2.8196751141994647
3681,3142,3.416568811688157
3681,3143,3.5951487827268975
3681,3144,4.393110023978634
3681,3145,0.7726063132580081
3681,3146,3.9410917947234965
3681,3147,4.034199316871898
3681,3148,2.9600414942225153
3681,3149,4.614790662247688
3682,3140,5.045639304783904
3682,3141,5.439827614603503
3682,3142,5.160681328553524
3682,3143,5.624352538428532
3682,3144,4.971378291146588
3682,3145,4.43902355524981
3682,3146,2.2153993687336575
3682,3147,6.95955215158438
3682,3148,2.185639168549447
3682,3149,1.1184971745088903
3683,3140,4.671831880788649
3683,3141,5.076062450242385
3683,3142,4.766340592778982
3683,3143,5.229900972768127
3683,3144,4.545131247585862
3683,3145,4.2300607292601065
3683,3146,1.802415881921451
3683,3147,6.577434820793151
3683,3148,1.9945171375314659
3683,3149,0.6872045196696545
3684,3140,4.772078168562313
3684,3141,5.171010248431082
3684,3142,4.8783628165146835
3684,3143,5.342060426972689
3684,3144,4.6795094674849995
3684,3145,4.2536706023165936
3684,3146,1.9258654020767925
3684,3147,6.682622557501226
3684,3148,2.0062495661530564
3684,3149,0.8272082183446043
3685,3140,4.501197589356375
3685,3141,4.902160147018034
3685,3142,4.60489231131483
3685,3143,5.068585966856969
3685,3144,4.411570481241021
3685,3145,4.044563922600932
3685,3146,1.6534855854438117
3685,3147,6.410392970315755
3685,3148,1.8128087051029143
3685,3149,0.5727158660743815
3686,3140,5.081294436793339
3686,3141,5.462848795556023
3686,3142,5.22252075363719
3686,3143,5.685343360476123
3686,3144,5.091606467433256
3686,3145,4.335019669479299
3686,3146,2.3202784363364177
3686,3147,7.001705832697676
3686,3148,2.0903956323974837
3686,3149,1.278057385265343
3687,3140,5.283541709527258
3687,3141,5.673020012848494
3687,3142,5.407231908899436
3687,3143,5.870777169062745
3687,3144,5.229555208113735
3687,3145,4.598620451992605
3687,3146,2.4704667098268924
3687,3147,7.200243060981102
3687,3148,2.350152077747315
3687,3149,1.3779423559790573
3688,3140,5.192099863005378
3688,3141,5.571456291665709
3688,3142,5.336939468885726
3688,3143,5.799577183382727
3688,3144,5.21060038980651
3688,3145,4.4111160215870076
3688,3146,2.439011438197361
3688,3147,7.113142754397056
3688,3148,2.1732263082587204
3688,3149,1.3959199997819085
3689,3140,4.682687066096199
3689,3141,5.072327597856003
3689,3142,4.810178704751735
3689,3143,5.27353535221699
3689,3144,4.662823468710365
3689,3145,4.0717167493389494
3689,3146,1.892541819764203
3689,3147,6.599843325064166
3689,3148,1.8192875105878872
3689,3149,0.8590041175282693
3690,3140,4.657985963377781
3690,3141,5.067595630015132
3690,3142,4.739138003370785
3690,3143,5.202264484024952
3690,3144,4.488725285171651
3690,3145,4.285310160160702
3690,3146,1.7656828590174793
3690,3147,6.557192455485473
3690,3148,2.0622694659095644
3690,3149,0.6350740908511151
3691,3140,4.422492864499357
3691,3141,4.829990326532378
3691,3142,4.510953333992535
3691,3143,4.97439822503298
3691,3144,4.287155301759038
3691,3145,4.057333498417539
3691,3146,1.5441232364557755
3691,3147,6.324964008956432
3691,3148,1.8480338125974018
3691,3149,0.43124273179960265
3692,3140,4.862107076550047
3692,3141,5.257394084937183
3692,3142,4.975989821565039
3692,3143,5.439663776661515
3692,3144,4.790775156197723
3692,3145,4.290193470819693
3692,3146,2.0320136487332663
3692,3147,6.775445834399904
3692,3148,2.038067239807614
3692,3149,0.9433406765096275
3693,3140,4.809857112553105
3693,3141,5.199703854800714
3693,3142,4.93595057647947
3693,3143,5.399373575090291
3693,3144,4.780386249651459
3693,3145,4.184220398872231
3693,3146,2.01230638822393
3693,3147,6.726775714139484
3693,3148,1.930890105225079
3693,3149,0.9580572175896194
3694,3140,5.136028981987138
3694,3141,5.526240661802766
3694,3142,5.2590926203275385
3694,3143,5.7226380082691595
3694,3144,5.084851619195072
3694,3145,4.475102794263965
3694,3146,2.3237702954701662
3694,3147,7.052433229190561
3694,3148,2.2236455956603627
3694,3149,1.2371276054997182
3695,3140,4.950599237789465
3695,3141,5.334553769658796
3695,3142,5.087899220897938
3695,3143,5.550898480965402
3695,3144,4.952605487486518
3695,3145,4.244527403568153
3695,3146,2.1814650323098856
3695,3147,6.8702069235097865
3695,3148,1.994346843730459
3695,3149,1.1421147596420478
3696,3140,3.62274627550028
3696,3141,4.068522750442769
3696,3142,3.5843034098512736
3696,3143,4.0327572754904635
3696,3144,3.1296421783527553
3696,3145,4.0277674784737085
3696,3146,0.8632766421167555
3696,3147,5.4241439663209405
3696,3148,2.2503506575332435
3696,3149,0.9338109381492601
3697,3140,3.7520484175697533
3697,3141,4.151577296600525
3697,3142,3.8665446550499936
3697,3143,4.330097559437611
3697,3144,3.737178129567954
3697,3145,3.4127426329599024
3697,3146,0.9658422417622173
3697,3147,5.663997292956173
3697,3148,1.2867892683612694
3697,3149,0.46125195999827645
3698,3140,2.6633015051435454
3698,3141,3.0314573527344337
3698,3142,2.8590509952907976
3698,3143,3.3135328656559673
3698,3144,2.9991560648244624
3698,3145,2.338020539594168
3698,3146,0.8801846183322792
3698,3147,4.585847645945369
3698,3148,0.8702555348062775
3698,3149,1.5891477726947916
3699,3140,3.2819524237336855
3699,3141,3.6972726832825678
3699,3142,3.3627610434484234
3699,3143,3.826264352802247
3699,3144,3.193470259728934
3699,3145,3.2492724559602006
3699,3146,0.4209130600206354
3699,3147,5.178252482329024
3699,3148,1.3856755367343698
3699,3149,0.7623070871443581
3700,3140,2.9620203864768166
3700,3141,3.37572544106581
3700,3142,3.0526481260851255
3700,3143,3.516344982100082
3700,3144,2.9345014369885436
3700,3145,3.0019746817973294
3700,3146,0.2552334496606129
3700,3147,4.8621756623487045
3700,3148,1.3262174738444374
3700,3149,1.084251521332436
3701,3140,3.2218463907830723
3701,3141,3.6211338906052903
3701,3142,3.344167450543509
3701,3143,3.8073066197256584
3701,3144,3.270925335736714
3701,3145,3.01183255663809
3701,3146,0.5671551890956562
3701,3147,5.135240906137445
3701,3148,1.1057957282398887
3701,3149,0.8933329794091459
3702,3140,1.8409212236419075
3702,3141,2.289462212913019
3702,3142,1.824380635110721
3702,3143,2.2832708258564756
3702,3144,1.6787957859327824
3702,3145,2.858528422546196
3702,3146,1.167075403372358
3702,3147,3.662416875552087
3702,3148,2.2072657835977934
3702,3149,2.298737232013561
3703,3140,1.5513608750144792
3703,3141,1.956037749551505
3703,3142,1.7126353164759271
3703,3143,2.168861748563452
3703,3144,1.9738792026007863
3703,3145,2.2117201990472286
3703,3146,1.420817640374014
3703,3147,3.467990451779538
3703,3148,1.9148489481784285
3703,3149,2.5046454118848254
3704,3140,1.6055489513878458
3704,3141,2.0408703208575094
3704,3142,1.6695595675980355
3704,3143,2.13323121475136
3704,3144,1.746003761784271
3704,3145,2.5337545172921367
3704,3146,1.3260170814772991
3704,3147,3.48303666274591
3704,3148,2.0988828232533425
3704,3149,2.450332254771084
3705,3140,1.6097983742822568
3705,3141,2.038644369881292
3705,3142,1.698010731891333
3705,3143,2.1610993511702663
3705,3144,1.815761507842366
3705,3145,2.458536716536809
3705,3146,1.319294641973905
3705,3147,3.5003570454994035
3705,3148,2.032296219852259
3705,3149,2.4361028632795385
3706,3140,1.4884027900206815
3706,3141,1.9044448247934918
3706,3142,1.6240895614521011
3706,3143,2.0832151255378246
3706,3144,1.8598495080259294
3706,3145,2.293207197090567
3706,3146,1.4557417813743034
3706,3147,3.397254746502703
3706,3148,2.0223555549598586
3706,3149,2.5562119562895855
3707,3140,2.0868111799428974
3707,3141,2.5395068282070965
3707,3142,2.025099137071088
3707,3143,2.4754269389580306
3707,3144,1.7223347691247402
3707,3145,3.1169904545852183
3707,3146,1.0518550737518781
3707,3147,3.865311020150678
3707,3148,2.2885625603660085
3707,3149,2.159191359767255
3708,3140,1.6000250440247898
3708,3141,2.054706314890701
3708,3142,1.5289032594729433
3708,3143,1.9818273009171385
3708,3144,1.363632970647582
3708,3145,2.92070849746665
3708,3146,1.4892069565051131
3708,3147,3.3695065114294214
3708,3148,2.492879430688764
3708,3149,2.6178667028379463
3709,3140,1.0289490536276267
3709,3141,1.464080764643797
3709,3142,1.143165190709789
3709,3143,1.6012732825966745
3709,3144,1.5277077969833437
3709,3145,2.3659481206473294
3709,3146,1.9001389825627049
3709,3147,2.9215721745421015
3709,3148,2.4687222582388677
3709,3149,3.0179281720647033
3710,3140,0.9929699768313939
3710,3141,1.4427650681982158
3710,3142,0.8443489053016412
3710,3143,1.2955399980039297
3710,3144,0.9798243051703559
3710,3145,2.8692283155151266
3710,3146,2.157827961378305
3710,3147,2.6841895620670355
3710,3148,2.9599112984560696
3710,3149,3.29061081554038
3711,3140,1.122196477120598
3711,3141,1.5775328111281728
3711,3142,1.0650974511456748
3711,3143,1.525342065888332
3711,3144,1.1875236826862885
3711,3145,2.737084913460207
3711,3146,1.9157668849552436
3711,3147,2.9029765876001257
3711,3148,2.706661678587005
3711,3149,3.048864634557281
3712,3140,0.9102726667122344
3712,3141,1.361608134725695
3712,3142,0.7871924034839118
3712,3143,1.2444552910504165
3712,3144,1.0295776426029046
3712,3145,2.8044476455280583
3712,3146,2.1989198369155942
3712,3147,2.62763833247424
3712,3148,2.955448606018334
3712,3149,3.332079009494128
3713,3140,1.1612008354826664
3713,3141,1.584320342523651
3713,3142,1.3026834459726553
3713,3143,1.7588399919199924
3713,3144,1.6622189522736137
3713,3145,2.285630538377558
3713,3146,1.7722702191271515
3713,3147,3.067458234943328
3713,3148,2.3063501263103157
3713,3149,2.8815656139708583
3714,3140,0.9424093012754046
3714,3141,1.3978196971204593
3714,3142,0.9007549752449505
3714,3143,1.3636961805152217
3714,3144,1.1783918777719717
3714,3145,2.6759816481281438
3714,3146,2.077111182224266
3714,3147,2.7330302078303146
3714,3148,2.7940224790735093
3714,3149,3.2092093400879955
3715,3140,1.1817723988187236
3715,3141,1.6328298418671219
3715,3142,1.025105550096286
3715,3143,1.468660652044995
3715,3144,0.9724780800823787
3715,3145,2.9516930120660696
3715,3146,2.0089096343079604
3715,3147,2.8610796027393355
3715,3148,2.895083238564488
3715,3149,3.1391745512543197
3716,3140,0.8436022391842649
3716,3141,1.261026063507551
3716,3142,1.0427440873658855
3716,3143,1.4838769036565458
3716,3144,1.6102110364851325
3716,3145,2.2252653227905395
3716,3146,2.0955545621318374
3716,3147,2.7596883153617515
3716,3148,2.541870499512161
3716,3149,3.2018314247295803
3717,3140,1.232264107765879
3717,3141,1.4829167167731723
3717,3142,1.6239351498852679
3717,3143,1.9939307009019627
3717,3144,2.3478493998469534
3717,3145,1.4915126552002753
3717,3146,2.204596022621569
3717,3147,3.070302089703499
3717,3148,2.145546843368023
3717,3149,3.198812366018978
3718,3140,1.0839178700611418
3718,3141,1.3785130737929603
3718,3142,1.4466033038571606
3718,3143,1.8334579325322988
3718,3144,2.1470373130535485
3718,3145,1.6888017776688302
3718,3146,2.160485530855487
3718,3147,2.962124076155323
3718,3148,2.2448080904944874
3718,3149,3.192859167294965
3719,3140,4.935216561611162
3719,3141,5.3261961440605265
3719,3142,5.0579924328739265
3719,3143,5.521523233712451
3719,3144,4.890180724434354
3719,3145,4.3062011291597875
3719,3146,2.1259512664465485
3719,3147,6.85135533781197
3719,3148,2.0528517289968313
3719,3149,1.0516761526376666
3720,3140,4.582266152866145
3720,3141,4.993940864089419
3720,3142,4.65862338610713
3720,3143,5.12154483882264
3720,3144,4.400777558821586
3720,3145,4.246925222543912
3720,3146,1.6832745480653806
3720,3147,6.478841458780074
3720,3148,2.035259880352379
3720,3149,0.5507344267380577
3721,3140,2.6302284565996805
3721,3141,3.0166554452141865
3721,3142,2.791874394444246
3721,3143,3.251288462908328
3721,3144,2.862589969297905
3721,3145,2.491701432160593
3721,3146,0.6920184943855248
3721,3147,4.551135736354013
3721,3148,1.0510205840795366
3721,3149,1.511091896645286
3722,3140,2.8906063651589187
3722,3141,3.2821781327280184
3722,3142,3.0359480926784017
3722,3143,3.497364673355762
3722,3144,3.043509438336861
3722,3145,2.7028005829353385
3722,3146,0.5775078285021759
3722,3147,4.809226036837081
3722,3148,1.0131432116660681
3722,3149,1.244568668132637
3723,3140,2.8709475455059854
3723,3141,3.2745717400367
3723,3142,2.9891980105478213
3723,3143,3.452330464444782
3723,3144,2.9401801885758805
3723,3145,2.8213026852675256
3723,3146,0.41149135376605595
3723,3147,4.782041778478847
3723,3148,1.1794923338391035
3723,3149,1.2030674700386235
3724,3140,2.8132459237667904
3724,3141,2.6869413087394514
3724,3142,3.3169108271416743
3724,3143,3.4698248860223413
3724,3144,4.325245775542833
3724,3145,0.8811862220762989
3724,3146,4.026972051132882
3724,3147,3.8476542405150296
3724,3148,3.117883359239466
3724,3149,4.743560129252011
3725,3140,2.766774266783012
3725,3141,2.714817912921908
3725,3142,3.264435505766318
3725,3143,3.4749409151791886
3725,3144,4.20207414672341
3725,3145,0.48472110265707713
3725,3146,3.651402102334225
3725,3147,4.012750410584677
3725,3148,2.6721322548296564
3725,3149,4.3209421731648305
3726,3140,1.985660606912364
3726,3141,1.793254018039459
3726,3142,2.482950225074886
3726,3143,2.5817655575386245
3726,3144,3.556243409181557
3726,3145,1.1792106653369119
3726,3146,3.801094326454191
3726,3147,2.9200448887080195
3726,3148,3.2618871702695325
3726,3149,4.688672894109043
3727,3140,2.049769519895468
3727,3141,1.8689645254453795
3727,3142,2.5490081500817254
3727,3143,2.657119915565689
3727,3144,3.6140275569115023
3727,3145,1.1092785863473076
3727,3146,3.796131488304983
3727,3147,3.0083395973390528
3727,3148,3.2209861900849783
3727,3149,4.668883590304913
3728,3140,2.672040472082564
3728,3141,2.5972629977337434
3728,3142,3.1729131949602944
3728,3143,3.3657445181587784
3728,3144,4.136907391414203
3728,3145,0.5492269974248224
3728,3146,3.706542592140753
3728,3147,3.863883200933343
3728,3148,2.7868151883670915
3728,3149,4.411254630500323
3729,3140,2.8725751529811774
3729,3141,2.7272838578633687
3729,3142,3.375963722766396
3729,3143,3.5133426557242258
3729,3144,4.399525580123565
3729,3145,1.0116171845413116
3729,3146,4.152086778014142
3729,3147,3.843504570176928
3729,3148,3.248735733849016
3729,3149,4.873913112950485
3730,3140,2.617093085579027
3730,3141,2.4850599314978195
3730,3142,3.120721960251753
3730,3143,3.268604352108212
3730,3144,4.138210378367719
3730,3145,0.8418518315080264
3730,3146,3.931815519587866
3730,3147,3.6517230777885943
3730,3148,3.0952442384546455
3730,3149,4.685733972205667
3731,3140,2.600966181113318
3731,3141,2.4456586277659986
3731,3142,3.103688440768251
3731,3143,3.232530522929649
3731,3144,4.1403076579076155
3731,3145,0.967359181951775
3731,3146,4.02282098587278
3731,3147,3.56650841857352
3731,3148,3.219149307793543
3731,3149,4.795321360356057
3732,3140,3.228896068947499
3732,3141,3.1395639804065207
3732,3142,3.73049571704741
3732,3143,3.9142267022814488
3732,3144,4.694316245500357
3732,3145,0.9762576334638673
3732,3146,4.115720548763023
3732,3147,4.343884214265759
3732,3148,3.033352045490137
3732,3149,4.728018877956936
3733,3140,2.0834779929429583
3733,3141,1.878034465713464
3733,3142,2.5787553598373267
3733,3143,2.6664133480632013
3733,3144,3.65811990408248
3733,3145,1.2202172239325544
3733,3146,3.904456319287032
3733,3147,2.9609121566705574
3733,3148,3.3404719407019976
3733,3149,4.78414310575399
3734,3140,2.6066692355793384
3734,3141,2.397872563430749
3734,3142,3.102655703736098
3734,3143,3.1854811407543306
3734,3144,4.177494589703193
3734,3145,1.2732072124355467
3734,3146,4.2535840527499085
3734,3147,3.395590999205802
3734,3148,3.516032252849856
3734,3149,5.062702413980074
3735,3140,2.599310938031748
3735,3141,2.5379038476228524
3735,3142,3.0987341284837044
3735,3143,3.301213335288962
3735,3144,4.051884584776479
3735,3145,0.4539792777945866
3735,3146,3.605774063394133
3735,3147,3.8315864358384344
3735,3148,2.7001217473519485
3735,3149,4.3161193748653695
3736,3140,2.40374387921069
3736,3141,2.2061437616566
3736,3142,2.9013017281624496
3736,3143,2.994577899384912
3736,3144,3.9713141270371346
3736,3145,1.170628854435489
3736,3146,4.073522741943733
3736,3147,3.257563470375447
3736,3148,3.3870356475445256
3736,3149,4.903371823685526
3737,3140,2.236754216369644
3737,3141,2.024346826921605
3737,3142,2.7311170815395416
3737,3143,2.8121649664506996
3737,3144,3.812493397847508
3737,3145,1.243328625672802
3737,3146,4.024777531070389
3737,3147,3.0663167953018386
3737,3148,3.4129957752662192
3737,3149,4.886791690644004
3738,3140,1.96863656490774
3738,3141,2.12328894802267
3738,3142,2.40025873916748
3738,3143,2.7378320175790676
3738,3144,3.135179584976665
3738,3145,0.8085616189824536
3738,3146,2.406357761852855
3738,3147,3.673887320824665
3738,3148,1.773554159361154
3738,3149,3.20196780977327
3739,3140,1.9391444054951965
3739,3141,2.0870468820734316
3739,3142,2.3751352739995575
3739,3143,2.7080884106665133
3739,3144,3.1233258297135205
3739,3145,0.7937088299545306
3739,3146,2.437858974414406
3739,3147,3.634404673617066
3739,3148,1.8192182001554733
3739,3149,3.2416680882651323
3740,3140,1.403230009853343
3740,3141,1.4075301340975255
3740,3142,0.99734076504203
3740,3143,0.6428328581949598
3740,3144,1.3200391241270637
3740,3145,3.8497969348792216
3740,3146,3.834330624269239
3740,3147,1.3218283318176904
3740,3148,4.570900441666323
3740,3149,4.962793439536105
3741,3140,1.736465550539512
3741,3141,1.5734285489670194
3741,3142,1.457116577774609
3741,3143,1.0047537222687022
3741,3144,1.9418096227973165
3741,3145,4.052498188450729
3741,3146,4.399740837265627
3741,3147,0.7833640780285432
3741,3148,5.024486772177957
3741,3149,5.532173896355229
3742,3140,1.3623494864435521
3742,3141,1.1529466039922567
3742,3142,1.1685585694112282
3742,3143,0.7064356876936547
3742,3144,1.8931668403423454
3742,3145,3.6247463341055166
3742,3146,4.146110908856026
3742,3147,0.7181187617462188
3742,3148,4.672329713848248
3742,3149,5.278495815889666
3743,3140,1.653467840283201
3743,3141,1.6917825500893529
3743,3142,1.2103508408029384
3743,3143,0.9133357687719612
3743,3144,1.2714296107003191
3743,3145,4.113395752630644
3743,3146,3.916918639847748
3743,3147,1.5088165996915812
3743,3148,4.739106143458593
3743,3149,5.036426036657673
3744,3140,1.660440119963227
3744,3141,1.5903803120520534
3744,3142,1.2983805418224832
3744,3143,0.8920959070382981
3744,3144,1.6217372259149132
3744,3145,4.067495488732546
3744,3146,4.166858324380335
3744,3147,1.1205232821762807
3744,3148,4.882030693530237
3744,3149,5.295523427897265
3745,3140,1.7292251913467065
3745,3141,2.0105881844320006
3745,3142,1.2398515873697427
3745,3143,1.330773809493785
3745,3144,0.33794753847503267
3745,3145,4.06050717013871
3745,3146,3.107898242807273
3745,3147,2.4633358746973837
3745,3148,4.174637049373149
3745,3149,4.187342285371574
3746,3140,1.8501998656404939
3746,3141,2.2866905880881117
3746,3142,1.579401627611121
3746,3143,1.955828364387972
3746,3144,0.8814561833232653
3746,3145,3.582090977759937
3746,3146,1.9251059232940975
3746,3147,3.3273853524905297
3746,3148,3.1480449315617127
3746,3149,2.9866476096773744
3747,3140,2.036518681652612
3747,3141,2.4395428832526513
3747,3142,1.672020881255383
3747,3143,1.9694025140451177
3747,3144,0.6781353472520784
3747,3145,3.9714003021720856
3747,3146,2.3260206490571997
3747,3147,3.2755349364871247
3747,3148,3.595723134675951
3747,3149,3.34651743699831
3748,3140,2.2174965409488294
3748,3141,2.589885798555982
3748,3142,1.8028667804751786
3748,3143,2.0335820463622696
3748,3144,0.6866090532143928
3748,3145,4.2679839329700044
3748,3146,2.6450360086720415
3748,3147,3.263514526776101
3748,3148,3.936192807809237
3748,3149,3.6394449871747074
3749,3140,2.382795461210073
3749,3141,2.794538000101604
3749,3142,2.03356640617832
3749,3143,2.3349610015858437
3749,3144,1.0282141881886204
3749,3145,4.2087687473351405
3749,3146,2.2629020876278716
3749,3147,3.6331378821833296
3749,3148,3.641458506216243
3749,3149,3.2119101129757524
3750,3140,1.6648729734968988
3750,3141,1.9035482815540032
3750,3142,2.0468926697852314
3750,3143,2.425350212468226
3750,3144,2.6949091104411806
3750,3145,1.2673922396732753
3750,3146,2.061740832349054
3750,3147,3.4884423074891577
3750,3148,1.7545571012061594
3750,3149,2.9623814089509937
3751,3140,1.9551495755123627
3751,3141,2.3236079851552205
3751,3142,2.170935228192225
3751,3143,2.619296114697693
3751,3144,2.447071765010448
3751,3145,2.0303880912782115
3751,3146,1.232801660922307
3751,3147,3.877317176648262
3751,3148,1.4318054725230542
3751,3149,2.208186132466662
3752,3140,2.003293680350791
3752,3141,1.8927549890650512
3752,3142,2.506952644763162
3752,3143,2.669394453759736
3752,3144,3.524296531763736
3752,3145,0.8201019199270176
3752,3146,3.516418441241822
3752,3147,3.1626747745152266
3752,3148,2.9032313464813244
3752,3149,4.366364653818916
3753,3140,1.8819598115498635
3753,3141,1.736878306224608
3753,3142,2.3844568624165694
3753,3143,2.5205120303589523
3753,3144,3.4303413157419342
3753,3145,1.0189471396767429
3753,3146,3.5826928225169445
3753,3147,2.967024663445942
3753,3148,3.0476560399539903
3753,3149,4.466830772547041
3754,3140,1.672441656976134
3754,3141,1.4914384367857902
3754,3142,2.17032727952113
3754,3143,2.2789172414837435
3754,3144,3.2435823040654643
3754,3145,1.2590605354657656
3754,3146,3.5981482402917835
3754,3147,2.697264005055898
3754,3148,3.179911195539008
3754,3149,4.527468968232445
3755,3140,1.9595916473011934
3755,3141,2.274091293623472
3755,3142,2.2545244473042003
3755,3143,2.679184188254987
3755,3144,2.687254474421556
3755,3145,1.65324894379348
3755,3146,1.5547167503572816
3755,3147,3.856660743939676
3755,3148,1.3529589489017144
3755,3149,2.4359301012419827
3756,3140,0.47194456050300726
3756,3141,0.4199871553600025
3756,3142,0.46688423231975895
3756,3143,0.37282798067291684
3756,3144,1.5719525174484745
3756,3145,2.8470706323551926
3756,3146,3.3375070966552682
3756,3147,1.474950675526677
3756,3148,3.7830113425405285
3756,3149,4.4621397102331875
3757,3140,0.6214792083979199
3757,3141,0.6308118877988684
3757,3142,0.41024770534202387
3757,3143,0.1623250269967111
3757,3144,1.4235936619607679
3757,3145,3.0464791333434094
3757,3146,3.3750415334090205
3757,3147,1.4339643611922224
3757,3148,3.9026601829955734
3757,3149,4.505497919840286
3758,3140,0.4091037302892949
3758,3141,0.46351597050093324
3758,3142,0.36929025153465245
3758,3143,0.3751973368235408
3758,3144,1.4894503430864725
3758,3145,2.8319757552605824
3758,3146,3.240036455519774
3758,3147,1.568480623406797
3758,3148,3.7094099524277167
3758,3149,4.365961223325362
3759,3140,0.6637397830077324
3759,3141,1.0644893241853226
3759,3142,0.3608378469027251
3759,3143,0.8064402017313759
3759,3144,0.9442428850339457
3759,3145,2.932950218935167
3759,3146,2.640071186824637
3759,3147,2.1962500896333874
3759,3148,3.3400439660185826
3759,3149,3.7732314138688223
3760,3140,0.6731328168079641
3760,3141,1.0903175098626456
3760,3142,0.42060605749674596
3760,3143,0.8730521267366013
3760,3144,0.9630991566661755
3760,3145,2.8912065108601506
3760,3146,2.5705520462238316
3760,3147,2.2600691595438054
3760,3148,3.269746033766072
3760,3149,3.703678587114398
3761,3140,0.5368898502158849
3761,3141,0.9650467824493293
3761,3142,0.3749497694798106
3761,3143,0.8386164542906587
3761,3144,1.100275432787959
3761,3145,2.772579733521315
3761,3146,2.605041543230018
3761,3147,2.205519696968069
3761,3148,3.234536570501454
3761,3149,3.736667081422911
3762,3140,0.5362815082285194
3762,3141,0.9904177918579927
3762,3142,0.5460134725450215
3762,3143,1.0028299549715425
3762,3144,1.2366524964478676
3762,3145,2.60173336946635
3762,3146,2.4652729906441144
3762,3147,2.3403047060832485
3762,3148,3.04404193969261
3762,3149,3.593105232100928
3763,3140,0.45823894628765977
3763,3141,0.9135873691706288
3763,3142,0.5367324900610093
3763,3143,0.9811824627063099
3763,3144,1.3097153386483766
3763,3145,2.541768845345731
3763,3146,2.5135630612849686
3763,3147,2.295998532916426
3763,3148,3.0480612558778843
3763,3149,3.6383855614900624
3764,3140,0.6641426307642811
3764,3141,1.1191620970092038
3764,3142,0.700497571302026
3764,3143,1.1597977166427331
3764,3144,1.2698289311856117
3764,3145,2.5508808805397796
3764,3146,2.3083902733988864
3764,3147,2.497809796671573
3764,3148,2.899314677747975
3764,3149,3.4354786721366413
3765,3140,0.31594205835812983
3765,3141,0.38933064198414863
3765,3142,0.4059559587526188
3765,3143,0.47907165690093584
3765,3144,1.5432658863805693
3765,3145,2.7281414821352543
3765,3146,3.1908011447197557
3765,3147,1.6282894863520627
3765,3148,3.6256265435140795
3765,3149,4.3132970268614175
3766,3140,0.34593390200969504
3766,3141,0.6727257102055378
3766,3142,0.15884787514067925
3766,3143,0.541096757184867
3766,3144,1.269358009561323
3766,3145,2.791840176261406
3766,3146,2.937827860819339
3766,3147,1.8675508787643884
3766,3148,3.4806010001902736
3766,3149,4.066933397284201
3767,3140,0.5167868381714162
3767,3141,0.7912700583668973
3767,3142,0.02284443921554229
3767,3143,0.44212315603857133
3767,3144,1.1389021345617076
3767,3145,2.9657293499144046
3767,3146,2.99868517623209
3767,3147,1.821368036815114
3767,3148,3.6073639575225775
3767,3149,4.131029971375609
3768,3140,0.35896947529330975
3768,3141,0.7787551464689187
3768,3142,0.29280380834364084
3768,3143,0.731618728904209
3768,3144,1.2420767327953766
3768,3145,2.6974996678196392
3768,3146,2.7434512319582645
3768,3147,2.0618270251702873
3768,3148,3.2959501278557455
3768,3149,3.871843336740986
3769,3140,0.6009933597227554
3769,3141,0.9506849154853195
3769,3142,0.18844979933541675
3769,3143,0.6237494330125208
3769,3144,0.9930513745417885
3769,3145,2.9784318416534132
3769,3146,2.8209982411932017
3769,3147,2.014262083327783
3769,3148,3.489792286711853
3769,3149,3.9541067302090784
3770,3140,0.2095365014055937
3770,3141,0.36125860093170753
3770,3142,0.4388290374414167
3770,3143,0.5853035564308938
3770,3144,1.575766460275158
3770,3145,2.624257767687673
3770,3146,3.113511264594365
3770,3147,1.719175759253139
3770,3148,3.5214782748661944
3770,3149,4.232505442116768
3771,3140,3.0484894569106107
3771,3141,3.467403164381514
3771,3142,3.1228441170902808
3771,3143,3.5862503511442396
3771,3144,2.9607934838401384
3771,3145,3.1289617218535257
3771,3146,0.2032400147273335
3771,3147,4.940654260764294
3771,3148,1.4185664924280843
3771,3149,0.9944049641530585
3772,3140,3.0763504613913315
3772,3141,3.5115704779948267
3772,3142,3.0950785990903342
3772,3143,3.5543719609593016
3772,3144,2.8099234258944317
3772,3145,3.392834090931054
3772,3146,0.22464476641282907
3772,3147,4.931161101698887
3772,3148,1.7607923702960366
3772,3149,1.05066254124094
3773,3140,1.8802098188275045
3773,3141,2.2902289171147454
3773,3142,1.532064982172461
3773,3143,1.8510929747099178
3773,3144,0.6200682356790878
3773,3145,3.804049985625447
3773,3146,2.251742615823578
3773,3147,3.1812649836560434
3773,3148,3.4744764060277054
3773,3149,3.2988112942190737
3774,3140,2.059515352873693
3774,3141,2.4038952861746066
3774,3142,1.6135931749447707
3774,3143,1.7998897708874133
3774,3144,0.4740777981629906
3774,3145,4.223780109896946
3774,3146,2.827763854661868
3774,3147,2.9921683163149986
3774,3148,4.047408010345641
3774,3149,3.855239126701975
3775,3140,1.924001431661562
3775,3141,2.2738986811639426
3775,3142,1.4835820463734815
3775,3143,1.6866897896163184
3775,3144,0.34601742585807355
3775,3145,4.087159904069202
3775,3146,2.759074742380057
3775,3147,2.9088411951720725
3775,3148,3.9453202450216285
3775,3149,3.8041162346954276
3776,3140,1.0428375677334343
3776,3141,0.7220797307526977
3776,3142,1.488575664441839
3776,3143,1.4998051282112843
3776,3144,2.6201857792178735
3776,3145,1.9926778241423269
3776,3146,3.603921450039353
3776,3147,1.905044256261557
3776,3148,3.5487540296213025
3776,3149,4.645490780783329
3777,3140,0.835718416975964
3777,3141,0.5347061124868091
3777,3142,1.2856979521322656
3777,3143,1.3217432569179415
3777,3144,2.414689913487828
3777,3145,2.0533713851494007
3777,3146,3.455369372620718
3777,3147,1.8626114348355143
3777,3148,3.4782632622871037
3777,3149,4.51306817021807
3778,3140,1.8157465183581094
3778,3141,2.2711576535492894
3778,3142,1.7065239539636072
3778,3143,2.1488883870611097
3778,3144,1.3836788774326683
3778,3145,3.124016693368798
3778,3146,1.3973766924348023
3778,3147,3.5421807222114388
3778,3148,2.543754205301966
3778,3149,2.507869689757414
3779,3140,2.070116639546437
3779,3141,2.491125956021157
3779,3142,1.746175294977553
3779,3143,2.078828502535254
3779,3144,0.8476613798917837
3779,3145,3.885582435349561
3779,3146,2.117325722067632
3779,3147,3.4145871504978387
3779,3148,3.4136456182035597
3779,3149,3.132794015755808
3780,3140,1.9496404005411176
3780,3141,2.3838136190716175
3780,3142,1.6680379853240253
3780,3143,2.0347966074726718
3780,3144,0.9087171305458268
3780,3145,3.6803335012027296
3780,3146,1.941252617175104
3780,3147,3.3987626430782636
3780,3148,3.202959954791217
3780,3149,2.9845211266203733
3781,3140,2.2598571791903286
3781,3141,2.6822172696830764
3781,3142,1.9372703595095495
3781,3143,2.2655141643745513
3781,3144,1.00694915189437
3781,3145,4.02947144362986
3781,3146,2.1034283705547754
3781,3147,3.592846825218115
3781,3148,3.4604237568196536
3781,3149,3.0791631565816067
3782,3140,2.200023927698445
3782,3141,2.6332864937840252
3782,3142,1.911021382685072
3782,3143,2.2660737706101863
3782,3144,1.0708538327922144
3782,3145,3.8845893066505854
3782,3146,1.9317168691656008
3782,3147,3.6174650049578787
3782,3148,3.281277735216766
3782,3149,2.9235760088272538
3783,3140,2.4176212234410013
3783,3141,2.838835893731068
3783,3142,2.090498153809169
3783,3143,2.4109644598397115
3783,3144,1.1291290923905506
3783,3145,4.168929414594221
3783,3146,2.136871066900873
3783,3147,3.7272364222400616
3783,3148,3.535912294540499
3783,3149,3.075239941396985
3784,3140,2.3032101160551157
3784,3141,2.6621485755195486
3784,3142,1.8722542262493396
3784,3143,2.074861303293061
3784,3144,0.7370797239514993
3784,3145,4.394376886243116
3784,3146,2.7823852736948744
3784,3147,3.266797159771728
3784,3148,4.080459586321593
3784,3149,3.7669925696859994
3785,3140,1.6796944542239534
3785,3141,2.0418640934840653
3785,3142,1.2536018007535348
3785,3143,1.494703738793122
3785,3144,0.17096255805986948
3785,3145,3.8376904908758878
3785,3146,2.643996926495356
3785,3147,2.7723346658865724
3785,3148,3.7621062295260845
3785,3149,3.71821293209605
3786,3140,2.149531068236879
3786,3141,2.5614543035976416
3786,3142,1.802661521330776
3786,3143,2.113045753571592
3786,3144,0.8323785829335835
3786,3145,4.012624111598865
3786,3146,2.2331573200557013
3786,3147,3.4270944960922014
3786,3148,3.546426332187901
3786,3149,3.2322324458671803
3787,3140,2.0254342315042893
3787,3141,2.3545391370496147
3787,3142,1.5660306914308018
3787,3143,1.7265112030305794
3787,3144,0.4369450896605944
3787,3145,4.234954087014495
3787,3146,2.922808480366103
3787,3147,2.8931356332939266
3787,3148,4.1179051875268495
3787,3149,3.9589965350782372
3788,3140,1.9118315301968316
3788,3141,2.3372763824853626
3788,3142,1.602591911907113
3788,3143,1.9517374716399527
3788,3144,0.7848102622457077
3788,3145,3.7264761977716425
3788,3146,2.070156958310285
3788,3147,3.3040145312092446
3788,3148,3.3137882592826755
3788,3149,3.115661513085091
3789,3140,2.3271749363540564
3789,3141,2.730172411675999
3789,3142,1.9604629707534402
3789,3143,2.2459251722146902
3789,3144,0.9238015394680463
3789,3145,4.216167238629821
3789,3146,2.3604862937842017
3789,3147,3.5295521674776764
3789,3148,3.714372944004518
3789,3149,3.324275738924324
3790,3140,2.005871489202881
3790,3141,2.299365876560578
3790,3142,1.5232491802942787
3790,3143,1.6219252348804654
3790,3144,0.4813783565424382
3790,3145,4.295666289217553
3790,3146,3.132170367317743
3790,3147,2.7182073920172365
3790,3148,4.286621565175035
3790,3149,4.180260525823071
3791,3140,1.8477184920791663
3791,3141,2.1364271693865877
3791,3142,1.3621629170966276
3791,3143,1.4597429874386871
3791,3144,0.3730331204033967
3791,3145,4.157990346445611
3791,3146,3.106426078080217
3791,3147,2.57902426544489
3791,3148,4.2136805515853615
3791,3149,4.172868036674593
3792,3140,1.8499188212874262
3792,3141,2.156916616936762
3792,3142,1.37437391053034
3792,3143,1.5042926405979495
3792,3144,0.31137240721377646
3792,3145,4.125784969822264
3792,3146,3.0084328886742275
3792,3147,2.658568774466817
3792,3148,4.133305131060402
3792,3149,4.070933024606845
3793,3140,1.845361038082765
3793,3141,2.2011279155499706
3793,3142,1.411342267973808
3793,3143,1.6296734798966226
3793,3144,0.2827624744596059
3793,3145,4.000491272809264
3793,3146,2.7050812828323725
3793,3147,2.873513197854622
3793,3148,3.8725528019562114
3793,3149,3.759574127185987
3794,3140,1.9717006619052249
3794,3141,2.287032214446581
3794,3142,1.5019461758753583
3794,3143,1.640482598491792
3794,3144,0.4001520684345601
3794,3145,4.219134257916293
3794,3146,2.994133227239948
3794,3147,2.788326503740806
3794,3148,4.1610304942848915
3794,3149,4.04064216870031
3795,3140,1.8355848467901956
3795,3141,2.2058572898223407
3795,3142,1.4193326615202526
3795,3143,1.665016617513002
3795,3144,0.32913815445234645
3795,3145,3.944588031828013
3795,3146,2.599270605857953
3795,3147,2.934880703577712
3795,3148,3.7759984858617943
3795,3149,3.6533222480593195
3796,3140,1.6068497696289639
3796,3141,2.010850240106576
3796,3142,1.2495944624142057
3796,3143,1.5738676845523336
3796,3144,0.4418338454797712
3796,3145,3.617336775659672
3796,3146,2.333162666693085
3796,3147,2.9175933878791236
3796,3148,3.450108152804614
3796,3149,3.4167121474519524
3797,3140,2.5899335240440626
3797,3141,3.0090335156506325
3797,3142,2.2561379965124693
3797,3143,2.5668760036728795
3797,3144,1.2642290674514194
3797,3145,4.330567298598297
3797,3146,2.2010328996091406
3797,3147,3.869122544591554
3797,3148,3.6382095340977396
3797,3149,3.095898406984064
3798,3140,1.7727133057893216
3798,3141,2.1981986298364404
3798,3142,1.4662060352076305
3798,3143,1.8224082291560473
3798,3144,0.7087021725482561
3798,3145,3.6184484035373496
3798,3146,2.0907647053084606
3798,3147,3.182492241899341
3798,3148,3.2809162290698852
3798,3149,3.1579830326603338
3799,3140,0.41091835128013915
3799,3141,0.8587445670382532
3799,3142,0.42267602341689575
3799,3143,0.8686911289023634
3799,3144,1.2589182322114374
3799,3145,2.622402865900174
3799,3146,2.6113432777511973
3799,3147,2.194779276474442
3799,3148,3.1621561419728117
3799,3149,3.738508283010479
3800,3140,0.8943950853342248
3800,3141,0.6078137871302257
3800,3142,0.8841340407624076
3800,3143,0.5394313552890682
3800,3144,1.8860851205794016
3800,3145,3.0724740445070196
3800,3146,3.793587256737458
3800,3147,1.0284644601187503
3800,3148,4.1919318705269735
3800,3149,4.917066505937685
3801,3140,0.7031122995997721
3801,3141,0.37377525715078613
3801,3142,0.8078142757177004
3801,3143,0.5866955867523297
3801,3144,1.8920916517048583
3801,3145,2.8417939966620698
3801,3146,3.627653025850896
3801,3147,1.2336232417582622
3801,3148,3.974792347154787
3801,3149,4.744634430504833
3802,3140,0.35442059944567356
3802,3141,0.806960366710432
3802,3142,0.5570441324268128
3802,3143,0.9709531030999579
3802,3144,1.4261357935987025
3802,3145,2.448591834502582
3802,3146,2.582971784173281
3802,3147,2.241782227451666
3802,3148,3.0503394318600954
3802,3149,3.7020126453978053
3803,3140,0.7867995759883388
3803,3141,0.9912039883062168
3803,3142,0.2974883951906158
3803,3143,0.3667809913936005
3803,3144,0.9957350120461185
3803,3145,3.2436127692148906
3803,3146,3.1492943002024654
3803,3147,1.7399631313565438
3803,3148,3.841872906670432
3803,3149,4.28203653065723
3804,3140,0.9133180015446963
3804,3141,1.0664283025731198
3804,3142,0.44301338732372636
3804,3143,0.34126191093619823
3804,3144,1.0133635269399188
3804,3145,3.3772007515783398
3804,3146,3.2854112554708053
3804,3147,1.6471435168840614
3804,3148,3.995531047800472
3804,3149,4.417330769329033
3805,3140,1.0162935944172025
3805,3141,1.0192215043339676
3805,3142,0.6576203357564459
3805,3143,0.24912651971877556
3805,3144,1.3182103112944075
3805,3145,3.455280196010116
3805,3146,3.5989169254749367
3805,3147,1.3117580613289996
3805,3148,4.240319661138149
3805,3149,4.731934601620031
3806,3140,0.3886127467537626
3806,3141,0.1814115085230645
3806,3142,0.6240485625846133
3806,3143,0.6135356331734433
3806,3144,1.7608582844707088
3806,3145,2.6248885445904517
3806,3146,3.3173379335759186
3806,3147,1.5498892313536885
3806,3148,3.662640486760307
3806,3149,4.4311180911180355
3807,3140,0.8227785008193552
3807,3141,0.645412447047958
3807,3142,0.7142961124525884
3807,3143,0.33463015852280503
3807,3144,1.6816060324934463
3807,3145,3.1289192372324983
3807,3146,3.6656998522097575
3807,3147,1.1395410239304151
3807,3148,4.134561239578183
3807,3149,4.794019641366066
3808,3140,0.787009409666744
3808,3141,0.4939258802555016
3808,3142,0.8195861522568293
3808,3143,0.5291283944513392
3808,3144,1.8636390363521544
3808,3145,2.965094423424492
3808,3146,3.6973035922025224
3808,3147,1.1366922848161285
3808,3148,4.0787744794803755
3808,3149,4.818535569936495
3809,3140,1.9676305677548929
3809,3141,2.32699036930717
3809,3142,1.5375185495294401
3809,3143,1.755617836412405
3809,3144,0.40924688592521224
3809,3145,4.096018948745227
3809,3146,2.699125390237829
3809,3147,2.9893280414836374
3809,3148,3.9071772550379316
3809,3149,3.736327758479137
3810,3140,1.6850886705755603
3810,3141,2.029817765436326
3810,3142,1.2394451871342127
3810,3143,1.448142718893937
3810,3144,0.10193415304628911
3810,3145,3.8917503490832277
3810,3146,2.7556703166867935
3810,3147,2.6980787593292157
3810,3148,3.8622209230442306
3810,3149,3.8307212027502024
3811,3140,2.4820001887821834
3811,3141,2.802154178690333
3811,3142,2.7550739950776504
3811,3143,3.1895460512441653
3811,3144,3.0813947861081457
3811,3145,1.85208850569242
3811,3146,1.3525283600862412
3811,3147,4.384131083442867
3811,3148,0.8317873061097393
3811,3149,2.0394295933643627
3812,3140,0.498181150042877
3812,3141,0.2317226812184351
3812,3142,0.6653608546250279
3812,3143,0.5690930024547962
3812,3144,1.788103986612666
3812,3145,2.7117073537251115
3812,3146,3.4246289253613282
3812,3147,1.4349788024722165
3812,3148,3.7773174847880715
3812,3149,4.540420335295621
3813,3140,2.2687498905029027
3813,3141,2.711158589945736
3813,3142,2.273251536677742
3813,3143,2.732815102882868
3813,3144,2.0692414874143594
3813,3145,2.9797517670523117
3813,3146,0.7226068120686204
3813,3147,4.1097588138404095
3813,3148,1.9520268162170888
3813,3149,1.850939823832342
3814,3140,3.709445793682123
3814,3141,4.157661907827033
3814,3142,3.655087083785916
3814,3143,4.0995680460534745
3814,3144,3.1604514105959245
3814,3145,4.162836236018371
3814,3146,0.9956918735608304
3814,3147,5.492758782807179
3814,3148,2.3878449882789345
3814,3149,1.0155084833795693
3815,3140,0.6035903090351684
3815,3141,0.47014167868799966
3815,3142,0.5646675994336668
3815,3143,0.33803351313999846
3815,3144,1.62758232070395
3815,3145,2.9383140176724423
3815,3146,3.4700180484256906
3815,3147,1.3401229604985285
3815,3148,3.915538317706552
3815,3149,4.5955496877412125
3816,3140,0.5853191392604448
3816,3141,0.41432366869449383
3816,3142,0.597827951236281
3816,3143,0.39850053457165235
3816,3144,1.677809154691264
3816,3145,2.8889470150323326
3816,3146,3.4744299105967342
3816,3147,1.3437031212808621
3816,3148,3.8951704716083886
3816,3149,4.5978439838302165
3817,3140,0.7613618908988681
3817,3141,0.39013711048148925
3817,3142,1.1713393288090403
3817,3143,1.1644551274512835
3817,3144,2.3092869626391637
3817,3145,2.230047731730654
3817,3146,3.506422309804481
3817,3147,1.697001088307027
3817,3148,3.599540135799484
3817,3149,4.580465064059065
3818,3140,0.8133864708181334
3818,3141,1.1249707204808879
3818,3142,1.185532188124643
3818,3143,1.5638317706210838
3818,3144,1.9593149806684482
3818,3145,1.86162514881565
3818,3146,2.32129223965756
3818,3147,2.701923525910061
3818,3148,2.5079613077831415
3818,3149,3.3859197700778054
3819,3140,0.6913985879349179
3819,3141,0.5048914624035323
3819,3142,0.6531685663842826
3819,3143,0.3669767940938211
3819,3144,1.6913918808213222
3819,3145,2.986816919801262
3819,3146,3.5661998227409346
3819,3147,1.2448316706497944
3819,3148,4.002466047729755
3819,3149,4.691573192648914
3820,3140,0.927268543390531
3820,3141,1.3719613948178073
3820,3142,1.0104017075696687
3820,3143,1.4703796611200737
3820,3144,1.4171560950457012
3820,3145,2.4424239205333813
3820,3146,2.009941679935814
3820,3147,2.801657849878537
3820,3148,2.6055658424868415
3820,3149,3.1330814174744384
3821,3140,2.198536428908084
3821,3141,2.5412583204852446
3821,3142,2.447526073911434
3821,3143,2.8885036692209587
3821,3144,2.754809804100685
3821,3145,1.911447459992341
3821,3146,1.2614714129785451
3821,3147,4.113230547944832
3821,3148,1.1390627684052181
3821,3149,2.1128664126489003
3822,3140,2.1110624574299446
3822,3141,2.466805084602206
3822,3142,2.3426705140814463
3822,3143,2.787942828163172
3822,3144,2.6262208325263354
3822,3145,1.9811375096150297
3822,3146,1.2135852832858034
3822,3147,4.030607966121381
3822,3148,1.2525017087477583
3822,3149,2.1222452362239332
3823,3140,1.6426546605121366
3823,3141,1.9057660171283173
3823,3142,2.0042934262407854
3823,3143,2.3954662597844365
3823,3144,2.6132125199629423
3823,3145,1.3801606964275221
3823,3146,1.9596125908217388
3823,3147,3.493134797885808
3823,3148,1.727092311832374
3823,3149,2.8785560588143433
3824,3140,0.3597453947857002
3824,3141,0.48311614378019807
3824,3142,0.3203704940217963
3824,3143,0.4109584258734615
3824,3144,1.4529726591394525
3824,3145,2.803415901978413
3824,3146,3.1719599003951697
3824,3147,1.6361693297334787
3824,3148,3.6489735889827375
3824,3149,4.298010708248503
3825,3140,1.9133900553644203
3825,3141,2.2481192187696517
3825,3142,2.183353035805527
3825,3143,2.6167146453055565
3825,3144,2.5725049248573226
3825,3145,1.7778569337511565
3825,3146,1.4588732351743456
3825,3147,3.8233544202823757
3825,3148,1.404467488698279
3825,3149,2.381179270970515
3826,3140,1.5615681263567671
3826,3141,1.9776498709937176
3826,3142,1.2335776630922195
3826,3143,1.5840498635164872
3826,3144,0.5403721176118256
3826,3145,3.518428011408568
3826,3146,2.233112282482478
3826,3147,2.9455484309307853
3826,3148,3.3354198899948475
3826,3149,3.323946294050447
3827,3140,0.62693787811019
3827,3141,0.5988297552870782
3827,3142,0.4556769169820862
3827,3143,0.1899828458963646
3827,3144,1.476084107141741
3827,3145,3.0331713719199036
3827,3146,3.4118742728905334
3827,3147,1.3946198806349484
3827,3148,3.921181023675175
3827,3149,4.5415103198308335
3828,3140,1.0546252423239828
3828,3141,0.720970072461921
3828,3142,1.4936607111298437
3828,3143,1.4937685005874897
3828,3144,2.6274853037454857
3828,3145,2.023004149634412
3828,3146,3.6353890158411435
3828,3147,1.8751409575209408
3828,3148,3.5845357983303168
3828,3149,4.678626698091908
3829,3140,1.8500890231120075
3829,3141,2.281428901247058
3829,3142,1.9171606285394565
3829,3143,2.380860147102368
3829,3144,1.929981730537283
3829,3145,2.586860507750552
3829,3146,1.0791495494531367
3829,3147,3.7317985780473863
3829,3148,1.9221385574247178
3829,3149,2.2016709108550554
3830,3140,1.765430493025677
3830,3141,1.662355391243186
3830,3142,1.426322048093496
3830,3143,1.0029866427651026
3830,3144,1.7719076106216487
3830,3145,4.145666703563252
3830,3146,4.314168572763642
3830,3147,1.0220321852225025
3830,3148,5.0107044610916365
3830,3149,5.443574212586637
3831,3140,1.7780885032566398
3831,3141,1.7152644440209477
3831,3142,1.4033646967181068
3831,3143,1.0088982166749916
3831,3144,1.6506298258108056
3831,3145,4.191277539817898
3831,3146,4.241095724595363
3831,3147,1.180379727231754
3831,3148,4.983462397112931
3831,3149,5.367330101631959
3832,3140,1.8259396979637312
3832,3141,2.1568226566836075
3832,3142,1.3676630462699602
3832,3143,1.541848281594477
3832,3144,0.23877491023530206
3832,3145,4.051206659036743
3832,3146,2.863389553233204
3832,3147,2.7447805596991675
3832,3148,4.002917489971954
3832,3149,3.924190381811661
3833,3140,1.788399406652999
3833,3141,2.0847849951045463
3833,3142,2.1107571682065083
3833,3143,2.5230251405470807
3833,3144,2.6217323485144575
3833,3145,1.5316940429109702
3833,3146,1.73397942929844
3833,3147,3.6706578179682894
3833,3148,1.5364033579485188
3833,3149,2.6420366306143612
3834,3140,1.7800144569449865
3834,3141,2.208796789455138
3834,3142,1.4835746133826286
3834,3143,1.846333814258395
3834,3144,0.749191463156038
3834,3145,3.5985628291744716
3834,3146,2.048513195135207
3834,3147,3.2105006114097443
3834,3148,3.242328492216423
3834,3149,3.1160891125236825
3835,3140,2.0849316515098746
3835,3141,1.9906300071589051
3835,3142,2.5881389652671913
3835,3143,2.7630588326985515
3835,3144,3.5897270260225547
3835,3145,0.710981665416287
3835,3146,3.4924484411268284
3835,3147,3.27667765975326
3835,3148,2.8313273718540914
3835,3149,4.320796005499492
3836,3140,1.6345411697879837
3836,3141,1.6107143764906195
3836,3142,1.2360480584293276
3836,3143,0.8681930549847923
3836,3144,1.4673397368338978
3836,3145,4.070682790153689
3836,3146,4.050703020721882
3836,3147,1.2801802144834384
3836,3148,4.808169014606304
3836,3149,5.176470475090469
3837,3140,0.8853392512654706
3837,3141,1.0308399057710822
3837,3142,0.42358161546862455
3837,3143,0.30583014029987915
3837,3144,1.0457185129513316
3837,3145,3.3501356304353913
3837,3146,3.291554452263609
3837,3147,1.6252513962169324
3837,3148,3.98729152652834
3837,3149,4.423927627874664
3838,3140,2.2459953848972716
3838,3141,2.591471760110057
3838,3142,1.8011861247254592
3838,3143,1.981616677157363
3838,3144,0.6616849494850786
3838,3145,4.387796035933522
3838,3146,2.8718281878544083
3838,3147,3.151131098693032
3838,3148,4.141101406043194
3838,3149,3.871041448638944
3839,3140,0.915287036491627
3839,3141,0.6128011389832535
3839,3142,1.3669822139388668
3839,3143,1.398118983155291
3839,3144,2.4956929985704703
3839,3145,2.0112905751352343
3839,3146,3.499494462841187
3839,3147,1.8933261778408936
3839,3148,3.487658261533186
3839,3149,4.549807046275508
3840,3140,2.7502825043280366
3840,3141,3.2028808710953376
3840,3142,2.6734810473471415
3840,3143,3.1161523015338806
3840,3144,2.2196431385422826
3840,3145,3.5643283241205377
3840,3146,0.7468704191553722
3840,3147,4.509675394845463
3840,3148,2.290587519450564
3840,3149,1.6663439091240033
3841,3140,0.42478854195618243
3841,3141,0.7052604814721359
3841,3142,0.08666238822536254
3841,3143,0.4611407997896287
3841,3144,1.2251017685978616
3841,3145,2.879990709216025
3841,3146,2.996829319984377
3841,3147,1.811927848476258
3841,3148,3.5647364265613715
3841,3149,4.127621572974882
3842,3140,2.59515386682019
3842,3141,3.0165560971879835
3842,3142,2.2670543029351253
3842,3143,2.5827117806759867
3842,3144,1.2863146869583313
3842,3145,4.31642559687657
3842,3146,2.166765608945599
3842,3147,3.8899846449995485
3842,3148,3.608203656155981
3842,3149,3.059000853707428
3843,3140,3.445129675565199
3843,3141,3.8525153668695244
3843,3142,3.5445687953795186
3843,3143,4.008267558483924
3843,3144,3.4030989337123962
3843,3145,3.270387248615132
3843,3146,0.6335209508542238
3843,3147,5.350629780572742
3843,3148,1.2881358999965034
3843,3149,0.631960828190982
3844,3140,2.088006410185795
3844,3141,2.474304612207394
3844,3142,1.693753576910563
3844,3143,1.9562845452424114
3844,3144,0.6224149808464798
3844,3145,4.097197069730809
3844,3146,2.4954593036742283
3844,3147,3.226970024847313
3844,3148,3.7650086950288943
3844,3149,3.508780050956494
